-- =============================================
-- 図書館管理システム サンプルデータ
-- =============================================

-- ----------------------------
-- authors (著者) 10件
-- ----------------------------
INSERT INTO authors (author_id, name, birth_date, bio) VALUES
(1, '村上春樹', '1949-01-12', '日本を代表する小説家。独自の文体と世界観で国際的に高い評価を受ける。'),
(2, '東野圭吾', '1958-02-04', '推理小説を中心に多数のベストセラーを持つ人気作家。'),
(3, '林真理子', '1954-04-01', '直木賞受賞作家。女性の視点から描いた作品が多い。'),
(4, '川端康成', '1899-06-11', 'ノーベル文学賞受賞作家。日本の美意識を作品に表現した。'),
(5, '夏目漱石', '1867-02-09', '明治時代を代表する文豪。近代日本文学の礎を築いた。'),
(6, '坂口安吾', '1906-10-20', '無頼派の代表的作家。戦後の人間の本質を描いた作品が多い。'),
(7, '有川浩', '1972-06-09', '自衛隊やライブラリなどを題材にしたエンターテインメント小説が人気。'),
(8, 'Isaac Asimov', '1920-01-02', 'SFの巨匠。ロボット工学三原則を生み出した。'),
(9, 'Frank Herbert', '1920-10-08', 'SF大作「デューン」シリーズの著者。'),
(10, '結城浩', '1963-07-25', '数学プログラミング分野の解説書で知られる著者。');

-- ----------------------------
-- books (書籍) 20件
-- ----------------------------
INSERT INTO books (book_id, title, genre, published_year, isbn) VALUES
(1,  'ノルウェイの森',         '小説',   1987, '978-4-06-203744-5'),
(2,  '海辺のカフカ',           '小説',   2002, '978-4-10-353413-5'),
(3,  '騎士団長殺し',           '小説',   2017, '978-4-10-353430-2'),
(4,  '容疑者Xの献身',          '小説',   2005, '978-4-06-213852-4'),
(5,  '白夜行',                 '小説',   1999, '978-4-08-774148-8'),
(6,  '手紙',                   '小説',   2003, '978-4-04-341501-3'),
(7,  '雪国',                   '小説',   1948, '978-4-10-100301-5'),
(8,  '伊豆の踊子',             '小説',   1926, '978-4-10-100302-2'),
(9,  '坊っちゃん',             '小説',   1906, '978-4-10-101001-3'),
(10, '吾輩は猫である',         '小説',   1905, '978-4-10-101002-0'),
(11, '図書館戦争',             '小説',   2006, '978-4-04-429201-4'),
(12, '植物図鑑',               '小説',   2009, '978-4-04-710011-0'),
(13, 'ファウンデーション',      'SF',     1951, '978-4-15-011595-1'),
(14, 'われはロボット',          'SF',     1950, '978-4-15-011530-2'),
(15, 'デューン砂の惑星',        'SF',     1965, '978-4-15-011592-0'),
(16, '数学ガール',              '技術書', 2007, '978-4-7973-4137-1'),
(17, '数学ガール/フェルマーの最終定理', '技術書', 2008, '978-4-7973-4526-3'),
(18, 'プログラマの数学',        '技術書', 2005, '978-4-7973-2973-7'),
(19, 'プロを目指す人のためのRuby入門', '技術書', 2017, '978-4-7741-9397-7'),
(20, 'SQLアンチパターン',       '技術書', 2013, '978-4-87311-589-4');

-- ----------------------------
-- book_authors (書籍と著者の中間テーブル) 25件
-- ----------------------------
INSERT INTO book_authors (book_id, author_id) VALUES
(1, 1), (2, 1), (3, 1), (4, 2), (5, 2),
(6, 2), (7, 4), (8, 4), (9, 5), (10, 5),
(11, 7), (12, 7), (13, 8), (14, 8), (15, 9),
(16, 10), (17, 10), (18, 10), (19, 10), (20, 10),
(3, 3), (13, 9), (16, 8), (7, 6), (19, 3);

-- ----------------------------
-- members (会員) 15件
-- ----------------------------
INSERT INTO members (member_id, name, email, phone, joined_at) VALUES
(1, '田中太郎', 'tanaka.taro@example.com', '090-1111-0001', '2020-04-01'),
(2, '鈴木花子', 'suzuki.hanako@example.com', '090-1111-0002', '2020-06-15'),
(3, '佐藤一郎', 'sato.ichiro@example.com', '090-1111-0003', '2021-01-10'),
(4, '高橋美咲', 'takahashi.misaki@example.com', '090-1111-0004', '2021-03-22'),
(5, '伊藤健二', 'ito.kenji@example.com', '090-1111-0005', '2021-07-01'),
(6, '渡部桜', 'watanabe.sakura@example.com', '090-1111-0006', '2021-09-14'),
(7, '山本大輔', 'yamamoto.daisuke@example.com', '090-1111-0007', '2022-02-03'),
(8, '中村由美', 'nakamura.yumi@example.com', '090-1111-0008', '2022-04-19'),
(9, '小林卓也', 'kobayashi.takuya@example.com', '090-1111-0009', '2022-08-08'),
(10, '加藤菜々', 'kato.nana@example.com', '090-1111-0010', '2022-11-30'),
(11, '吉田幸二', 'yoshida.koji@example.com', '090-1111-0011', '2023-01-05'),
(12, '山田舞', 'yamada.mai@example.com', '090-1111-0012', '2023-03-17'),
(13, '松本勇介', 'matsumoto.yusuke@example.com', '090-1111-0013', '2023-06-22'),
(14, '井上圭子', 'inoue.keiko@example.com', '090-1111-0014', '2023-09-01'),
(15, '木村翔太', 'kimura.shota@example.com', '090-1111-0015', '2024-01-15');

-- ----------------------------
-- loans (貸出履歴) 33件
-- ----------------------------
INSERT INTO loans (loan_id, book_id, member_id, loaned_at, due_date, returned_at) VALUES
(1, 1, 1, '2023-01-10', '2023-01-24', '2023-01-20'),
(2, 4, 2, '2023-01-15', '2023-01-29', '2023-01-28'),
(3, 7, 3, '2023-02-01', '2023-02-15', '2023-02-10'),
(4, 13, 4, '2023-02-10', '2023-02-24', '2023-02-22'),
(5, 16, 5, '2023-03-01', '2023-03-15', '2023-03-14'),
(6, 2, 6, '2023-03-10', '2023-03-24', '2023-03-20'),
(7, 5, 7, '2023-04-01', '2023-04-15', '2023-04-12'),
(8, 9, 8, '2023-04-10', '2023-04-24', '2023-04-23'),
(9, 14, 1, '2023-05-01', '2023-05-15', '2023-05-10'),
(10, 11, 2, '2023-05-15', '2023-05-29', '2023-05-27'),
(11, 3, 3, '2023-06-01', '2023-06-15', '2023-06-14'),
(12, 17, 9, '2023-06-10', '2023-06-24', '2023-06-22'),
(13, 6, 10, '2023-07-01', '2023-07-15', '2023-07-13'),
(14, 15, 11, '2023-07-10', '2023-07-24', '2023-07-20'),
(15, 18, 12, '2023-08-01', '2023-08-15', '2023-08-14'),
(16, 8, 13, '2023-08-10', '2023-08-24', '2023-08-22'),
(17, 10, 14, '2023-09-01', '2023-09-15', '2023-09-10'),
(18, 19, 15, '2023-09-10', '2023-09-24', '2023-09-23'),
(19, 1, 4, '2023-10-01', '2023-10-15', '2023-10-12'),
(20, 4, 5, '2023-10-10', '2023-10-24', '2023-10-22'),
(21, 20, 6, '2023-11-01', '2023-11-15', '2023-11-13'),
(22, 12, 7, '2023-11-10', '2023-11-24', '2023-11-20'),
(23, 16, 8, '2023-12-01', '2023-12-15', '2023-12-14'),
(24, 2, 9, '2023-12-10', '2023-12-24', '2023-12-20'),
(25, 1, 10, '2024-01-05', '2024-01-19', '2024-01-17'),
(26, 5, 11, '2024-01-10', '2024-01-24', '2024-01-22'),
(27, 13, 12, '2024-02-01', '2024-02-15', '2024-02-13'),
(28, 7, 13, '2024-02-10', '2024-02-24', '2024-02-22'),
(29, 3, 14, '2024-03-01', '2024-03-15', '2024-03-10'),
(30, 9, 15, '2024-03-10', '2024-03-24', '2024-03-22'),
(31, 11, 1, '2024-04-01', '2024-04-15', '2024-04-25'),
(32, 14, 2, '2024-04-10', '2024-04-24', '2024-05-02'),
(33, 6, 3, '2024-05-01', '2024-05-15', '2024-05-30'),
-- 現在貸出中（returned_at = NULL）: 指定7冊以外を貸出中にする
(34, 1, 4, '2024-06-01', '2024-06-15', NULL),
(35, 3, 5, '2024-06-02', '2024-06-16', NULL),
(36, 4, 6, '2024-06-03', '2024-06-17', NULL),
(37, 5, 7, '2024-06-04', '2024-06-18', NULL),
(38, 6, 8, '2024-06-05', '2024-06-19', NULL),
(39, 10, 9, '2024-06-06', '2024-06-20', NULL),
(40, 11, 10, '2024-06-07', '2024-06-21', NULL),
(41, 12, 11, '2024-06-08', '2024-06-22', NULL),
(42, 16, 12, '2024-06-09', '2024-06-23', NULL),
(43, 17, 13, '2024-06-10', '2024-06-24', NULL),
(44, 18, 14, '2024-06-11', '2024-06-25', NULL),
(45, 19, 15, '2024-06-12', '2024-06-26', NULL),
(46, 20, 1, '2024-06-13', '2024-06-27', NULL);
